<?xml version="1.0" encoding="utf-8"?>
<productData>
   <dependsOn>
      <component>
         <name>SMILE</name>
         <locale/>
         <platformList>
            <platform>glnxa64</platform>
            <platform>maci64</platform>
            <platform>win32</platform>
            <platform>win64</platform>
         </platformList>
         <version>2.3</version>
      </component>
   </dependsOn>
   <installerUsage>
      <usage>mcr</usage>
   </installerUsage>
   <isControllingProduct>true</isControllingProduct>
   <platformList>
      <platform>glnxa64</platform>
      <platform>maci64</platform>
      <platform>win32</platform>
      <platform>win64</platform>
   </platformList>
   <productName>SMILE</productName>
   <productNumber>5000</productNumber>
   <productBaseCode>SMILE</productBaseCode>
   <productVersion>2.3</productVersion>
   <releaseFamily>R2023b</releaseFamily>
   <releaseDescription>R2023b</releaseDescription>
   <requiredProducts/>
</productData>