<?xml version="1.0" encoding="UTF-8"?><bookmarks><file xmlns="http://www.w3.org/1999/xhtml" absolutepath="/Users/iacopomochi/Library/Mobile Documents/com~apple~CloudDocs/Work/PSI/Colleagues/Atoosa/DiffractionPadding/padding.m"></file><file xmlns="http://www.w3.org/1999/xhtml" absolutepath="/Users/iacopomochi/Documents/GitHub/SMILE2/measureLines.m"></file><file xmlns="http://www.w3.org/1999/xhtml" absolutepath="/Users/iacopomochi/Documents/GitHub/SMILE2/SMILE.mlapp"></file><file xmlns="http://www.w3.org/1999/xhtml" absolutepath="/Users/iacopomochi/Library/Mobile Documents/com~apple~CloudDocs/Work/PSI/Projects/REGINE/Regine_EllipsoidalMIrrorEquation.m"></file><file xmlns="http://www.w3.org/1999/xhtml" absolutepath="/Users/iacopomochi/Documents/GitHub/SMILE2/SEM_Contact_Detect.m"></file><file xmlns="http://www.w3.org/1999/xhtml" absolutepath="/Users/iacopomochi/Documents/GitHub/SMILE2/SEM_line_Edge_detect.m"></file><file xmlns="http://www.w3.org/1999/xhtml" absolutepath="/Users/iacopomochi/Library/Mobile Documents/com~apple~CloudDocs/Work/PSI/Conferences/SAMSUNG/layout.m"></file><file xmlns="http://www.w3.org/1999/xhtml" absolutepath="/Users/iacopomochi/Library/Mobile Documents/com~apple~CloudDocs/Work/PSI/Ptychography/rPIE_H.mlapp"></file><file xmlns="http://www.w3.org/1999/xhtml" absolutepath="/Users/iacopomochi/Downloads/Data4/scan_positions4.txt"></file><file xmlns="http://www.w3.org/1999/xhtml" absolutepath="/Users/iacopomochi/Downloads/Error.txt"></file><file xmlns="http://www.w3.org/1999/xhtml" absolutepath="/Users/iacopomochi/Documents/Data/XIL/RESCAN/Dataset2 for SAMSUNG/Output/Test_DM/error.txt"></file><file xmlns="http://www.w3.org/1999/xhtml" absolutepath="/Users/iacopomochi/Downloads/struct2hdf5/struct2hdf5.m"></file><file xmlns="http://www.w3.org/1999/xhtml" absolutepath="/Users/iacopomochi/Downloads/struct2hdf5/ProbeSim.m"></file><file xmlns="http://www.w3.org/1999/xhtml" absolutepath="/Users/iacopomochi/Downloads/struct2hdf5/ProbeSim2.m"></file><file xmlns="http://www.w3.org/1999/xhtml" absolutepath="/Users/iacopomochi/Library/CloudStorage/OneDrive-Personal/Work/PSI/Data/RESCAN/genPtycho.m"></file><file xmlns="http://www.w3.org/1999/xhtml" absolutepath="/Users/iacopomochi/Library/CloudStorage/OneDrive-Personal/Work/PSI/RESCAN/Ptychography/Positions.m"></file><file xmlns="http://www.w3.org/1999/xhtml" absolutepath="/Users/iacopomochi/Library/CloudStorage/OneDrive-Personal/Work/PSI/RESCAN/Ptychography/MultiExposureSynthesis.m"></file><file xmlns="http://www.w3.org/1999/xhtml" absolutepath="/Users/iacopomochi/Library/CloudStorage/OneDrive-Personal/Work/PSI/RESCAN/Ptychography/genPtycho.m"></file><file xmlns="http://www.w3.org/1999/xhtml" absolutepath="/Users/iacopomochi/Library/CloudStorage/OneDrive-Personal/Work/PSI/RESCAN/Ptychography/MultiExposureSynthesis1.m"></file><file xmlns="http://www.w3.org/1999/xhtml" absolutepath="/Users/iacopomochi/Library/CloudStorage/OneDrive-Personal/Work/PSI/RESCAN/Ptychography/genPtycho1.m"></file><file xmlns="http://www.w3.org/1999/xhtml" absolutepath="/Users/iacopomochi/Library/CloudStorage/OneDrive-Personal/Work/PSI/RESCAN/Ptychography/genPtycho2.m"></file><file xmlns="http://www.w3.org/1999/xhtml" absolutepath="/Users/iacopomochi/Library/CloudStorage/OneDrive-Personal/Work/PSI/RESCAN/Ptychography/GenPtycho.mlapp"></file><file xmlns="http://www.w3.org/1999/xhtml" absolutepath="/Users/iacopomochi/Library/CloudStorage/OneDrive-Personal/Work/PSI/RESCAN/Ptychography/genPtycho3.m"></file><file xmlns="http://www.w3.org/1999/xhtml" absolutepath="/Users/iacopomochi/Library/CloudStorage/OneDrive-Personal/Work/PSI/RESCAN/Ptychography/MultiExposureSynthesis3.m"></file><file xmlns="http://www.w3.org/1999/xhtml" absolutepath="/Users/iacopomochi/Library/CloudStorage/OneDrive-Personal/Work/PSI/RESCAN/Ptychography/Positions3.m"></file><file xmlns="http://www.w3.org/1999/xhtml" absolutepath="/Users/iacopomochi/Library/CloudStorage/OneDrive-Personal/Work/PSI/RESCAN/Ptychography/convert_backgrounds.m"></file><file xmlns="http://www.w3.org/1999/xhtml" absolutepath="/Users/iacopomochi/Library/CloudStorage/OneDrive-Personal/Work/PSI/RESCAN/Synthesis/Dipole.m"></file><file xmlns="http://www.w3.org/1999/xhtml" absolutepath="/Users/iacopomochi/Library/CloudStorage/OneDrive-Personal/Work/PSI/RESCAN/Ptychography/make_probeMod.m"></file><file xmlns="http://www.w3.org/1999/xhtml" absolutepath="/Users/iacopomochi/Library/CloudStorage/OneDrive-Personal/Work/PSI/RESCAN/Ptychography/Synthesis.m"></file><file xmlns="http://www.w3.org/1999/xhtml" absolutepath="/Users/iacopomochi/Library/Mobile Documents/com~apple~CloudDocs/Work/PSI/Projects/MirrorIL/Tolerances.mlx"></file></bookmarks>