<?xml version="1.0" encoding="UTF-8"?><bookmarks><file xmlns="http://www.w3.org/1999/xhtml" absolutepath="/Users/iacopomochi/Library/Mobile Documents/com~apple~CloudDocs/Work/PSI/Colleagues/Atoosa/DiffractionPadding/padding.m"></file><file xmlns="http://www.w3.org/1999/xhtml" absolutepath="/Users/iacopomochi/Documents/GitHub/SMILE2/measureLines.m"></file><file xmlns="http://www.w3.org/1999/xhtml" absolutepath="/Users/iacopomochi/Documents/GitHub/SMILE2/SMILE.mlapp"></file><file xmlns="http://www.w3.org/1999/xhtml" absolutepath="/Users/iacopomochi/Library/Mobile Documents/com~apple~CloudDocs/Work/PSI/Projects/REGINE/Regine_EllipsoidalMIrrorEquation.m"></file><file xmlns="http://www.w3.org/1999/xhtml" absolutepath="/Users/iacopomochi/Documents/GitHub/SMILE2/SEM_Contact_Detect.m"></file><file xmlns="http://www.w3.org/1999/xhtml" absolutepath="/Users/iacopomochi/Documents/GitHub/SMILE2/SEM_line_Edge_detect.m"></file><file xmlns="http://www.w3.org/1999/xhtml" absolutepath="/Users/iacopomochi/Library/Mobile Documents/com~apple~CloudDocs/Work/PSI/Conferences/SAMSUNG/layout.m"></file><file xmlns="http://www.w3.org/1999/xhtml" absolutepath="/Users/iacopomochi/Library/Mobile Documents/com~apple~CloudDocs/Work/PSI/Ptychography/rPIE_H.mlapp"></file><file xmlns="http://www.w3.org/1999/xhtml" absolutepath="/Users/iacopomochi/Downloads/Data4/scan_positions4.txt"></file><file xmlns="http://www.w3.org/1999/xhtml" absolutepath="/Users/iacopomochi/Downloads/Error.txt"></file><file xmlns="http://www.w3.org/1999/xhtml" absolutepath="/Users/iacopomochi/Documents/Data/XIL/RESCAN/Dataset2 for SAMSUNG/Output/Test_DM/error.txt"></file><file xmlns="http://www.w3.org/1999/xhtml" absolutepath="/Users/iacopomochi/Downloads/struct2hdf5/struct2hdf5.m"></file><file xmlns="http://www.w3.org/1999/xhtml" absolutepath="/Users/iacopomochi/Downloads/struct2hdf5/ProbeSim.m"></file><file xmlns="http://www.w3.org/1999/xhtml" absolutepath="/Users/iacopomochi/Downloads/struct2hdf5/ProbeSim2.m"></file><file xmlns="http://www.w3.org/1999/xhtml" absolutepath="/Users/iacopomochi/Library/CloudStorage/OneDrive-Personal/Work/PSI/Data/RESCAN/genPtycho.m"></file><file xmlns="http://www.w3.org/1999/xhtml" absolutepath="/Users/iacopomochi/Library/CloudStorage/OneDrive-Personal/Work/PSI/RESCAN/Ptychography/Positions.m"></file><file xmlns="http://www.w3.org/1999/xhtml" absolutepath="/Users/iacopomochi/Library/CloudStorage/OneDrive-Personal/Work/PSI/RESCAN/Ptychography/MultiExposureSynthesis.m"></file><file xmlns="http://www.w3.org/1999/xhtml" absolutepath="/Users/iacopomochi/Library/CloudStorage/OneDrive-Personal/Work/PSI/RESCAN/Ptychography/genPtycho.m"></file><file xmlns="http://www.w3.org/1999/xhtml" absolutepath="/Users/iacopomochi/Library/CloudStorage/OneDrive-Personal/Work/PSI/RESCAN/Ptychography/MultiExposureSynthesis1.m"></file><file xmlns="http://www.w3.org/1999/xhtml" absolutepath="/Users/iacopomochi/Library/CloudStorage/OneDrive-Personal/Work/PSI/RESCAN/Ptychography/genPtycho1.m"></file><file xmlns="http://www.w3.org/1999/xhtml" absolutepath="/Users/iacopomochi/Library/CloudStorage/OneDrive-Personal/Work/PSI/RESCAN/Ptychography/genPtycho2.m"></file><file xmlns="http://www.w3.org/1999/xhtml" absolutepath="/Users/iacopomochi/Library/CloudStorage/OneDrive-Personal/Work/PSI/RESCAN/Ptychography/GenPtycho.mlapp"></file><file xmlns="http://www.w3.org/1999/xhtml" absolutepath="/Users/iacopomochi/Library/CloudStorage/OneDrive-Personal/Work/PSI/RESCAN/Ptychography/genPtycho3.m"></file><file xmlns="http://www.w3.org/1999/xhtml" absolutepath="/Users/iacopomochi/Library/CloudStorage/OneDrive-Personal/Work/PSI/RESCAN/Ptychography/MultiExposureSynthesis3.m"></file><file xmlns="http://www.w3.org/1999/xhtml" absolutepath="/Users/iacopomochi/Library/CloudStorage/OneDrive-Personal/Work/PSI/RESCAN/Ptychography/Positions3.m"></file><file xmlns="http://www.w3.org/1999/xhtml" absolutepath="/Users/iacopomochi/Library/CloudStorage/OneDrive-Personal/Work/PSI/RESCAN/Ptychography/convert_backgrounds.m"></file><file xmlns="http://www.w3.org/1999/xhtml" absolutepath="/Users/iacopomochi/Library/CloudStorage/OneDrive-Personal/Work/PSI/RESCAN/Synthesis/Dipole.m"></file><file xmlns="http://www.w3.org/1999/xhtml" absolutepath="/Users/iacopomochi/Library/CloudStorage/OneDrive-Personal/Work/PSI/RESCAN/Ptychography/make_probeMod.m"></file><file xmlns="http://www.w3.org/1999/xhtml" absolutepath="/Users/iacopomochi/Library/CloudStorage/OneDrive-Personal/Work/PSI/RESCAN/Ptychography/Synthesis.m"></file><file xmlns="http://www.w3.org/1999/xhtml" absolutepath="/Users/iacopomochi/Library/Mobile Documents/com~apple~CloudDocs/Work/PSI/Projects/MirrorIL/Tolerances.mlx"></file><file xmlns="http://www.w3.org/1999/xhtml" absolutepath="/Users/iacopomochi/Library/CloudStorage/OneDrive-Personal/Work/PSI/Data/REGINE/20220905/Preprocessing.m"></file><file xmlns="http://www.w3.org/1999/xhtml" absolutepath="/Users/iacopomochi/Library/CloudStorage/OneDrive-Personal/Work/PSI/Data/REGINE/20220904/Preprocessing.m"></file><file xmlns="http://www.w3.org/1999/xhtml" absolutepath="/Users/iacopomochi/Library/CloudStorage/OneDrive-Personal/Work/PSI/Data/REGINE/20220905/objectBox.m"></file><file xmlns="http://www.w3.org/1999/xhtml" absolutepath="/Users/iacopomochi/Library/CloudStorage/OneDrive-Personal/Work/PSI/Data/REGINE/20220916/imremap.m"></file><file xmlns="http://www.w3.org/1999/xhtml" absolutepath="/Users/iacopomochi/Library/CloudStorage/OneDrive-Personal/Work/PSI/Data/REGINE/20220916/reconstruction.m"></file><file xmlns="http://www.w3.org/1999/xhtml" absolutepath="/Users/iacopomochi/Library/CloudStorage/OneDrive-Personal/Work/PSI/Data/REGINE/20220926/Preprocessing_D1_1a4.m"></file><file xmlns="http://www.w3.org/1999/xhtml" absolutepath="/Users/iacopomochi/Library/CloudStorage/OneDrive-Personal/Work/PSI/Data/REGINE/20220926/reconstruction.m"></file><file xmlns="http://www.w3.org/1999/xhtml" absolutepath="/Users/iacopomochi/Library/CloudStorage/OneDrive-Personal/Work/PSI/XIL/MirrorBased_IL.mlx"></file><file xmlns="http://www.w3.org/1999/xhtml" absolutepath="/Users/iacopomochi/Library/CloudStorage/OneDrive-Personal/Gallery/MB-IL/TimeOfFlight.mlx"></file><file xmlns="http://www.w3.org/1999/xhtml" absolutepath="/Users/iacopomochi/Library/CloudStorage/OneDrive-Personal/Work/PSI/Data/REGINE/20221204/DataPreprocessing.m"></file><file xmlns="http://www.w3.org/1999/xhtml" absolutepath="/Users/iacopomochi/Library/Mobile Documents/com~apple~CloudDocs/Euler/P84.m"></file><file xmlns="http://www.w3.org/1999/xhtml" absolutepath="/Users/iacopomochi/Library/Mobile Documents/com~apple~CloudDocs/Euler/p800.m"></file><file xmlns="http://www.w3.org/1999/xhtml" absolutepath="/Users/iacopomochi/Library/CloudStorage/OneDrive-Personal/Work/PSI/Data/REGINE/20220905/reconstruction.m"></file><file xmlns="http://www.w3.org/1999/xhtml" absolutepath="/Users/iacopomochi/Library/CloudStorage/OneDrive-Personal/Work/PSI/Data/REGINE/20221203/DataPreprocessing.m"></file><file xmlns="http://www.w3.org/1999/xhtml" absolutepath="/Users/iacopomochi/Library/Mobile Documents/com~apple~CloudDocs/Euler/p94.m"></file><file xmlns="http://www.w3.org/1999/xhtml" absolutepath="/Users/iacopomochi/Library/Mobile Documents/com~apple~CloudDocs/Work/Matlab_Files/Functions/num2vec.m"></file><file xmlns="http://www.w3.org/1999/xhtml" absolutepath="/Users/iacopomochi/Library/CloudStorage/OneDrive-Personal/Work/PSI/Ptychography/Angle_simulation/Angle_Sim.m"></file><file xmlns="http://www.w3.org/1999/xhtml" absolutepath="/Users/iacopomochi/Library/CloudStorage/OneDrive-Personal/Work/PSI/REGINE/mirror.m"></file><file xmlns="http://www.w3.org/1999/xhtml" absolutepath="/Users/iacopomochi/Library/CloudStorage/OneDrive-Personal/Work/PSI/REGINE/Data_processing/Preprocessing.m"></file><file xmlns="http://www.w3.org/1999/xhtml" absolutepath="/Users/iacopomochi/Library/CloudStorage/OneDrive-Personal/Work/PSI/REGINE/Data_processing/Pinhole.m"></file><file xmlns="http://www.w3.org/1999/xhtml" absolutepath="/Users/iacopomochi/Library/Mobile Documents/com~apple~CloudDocs/Euler/p096.m"></file><file xmlns="http://www.w3.org/1999/xhtml" absolutepath="/Users/iacopomochi/Library/Mobile Documents/com~apple~CloudDocs/Work/Matlab_Files/Functions/min2.m"></file><file xmlns="http://www.w3.org/1999/xhtml" absolutepath="/Users/iacopomochi/Library/CloudStorage/OneDrive-Personal/Work/PSI/REGINE/Multilayer_transmission.m"></file><file xmlns="http://www.w3.org/1999/xhtml" absolutepath="/Users/iacopomochi/Library/CloudStorage/OneDrive-Personal/Work/PSI/REGINE/characteristicMatrix.m"></file><file xmlns="http://www.w3.org/1999/xhtml" absolutepath="/Users/iacopomochi/Library/CloudStorage/OneDrive-Personal/Work/PSI/REGINE/Reflectance/AiryPattern.m"></file><file xmlns="http://www.w3.org/1999/xhtml" absolutepath="/Users/iacopomochi/Library/CloudStorage/OneDrive-Personal/Work/PSI/REGINE/Reflectance/Transmittance.m"></file><file xmlns="http://www.w3.org/1999/xhtml" absolutepath="/Users/iacopomochi/Library/CloudStorage/OneDrive-Personal/Work/PSI/REGINE/Reflectance/CCD_lin.m"></file><file xmlns="http://www.w3.org/1999/xhtml" absolutepath="/Users/iacopomochi/Library/CloudStorage/OneDrive-Personal/Work/PSI/REGINE/Reflectance/CCD_lin3.m"></file><file xmlns="http://www.w3.org/1999/xhtml" absolutepath="/Users/iacopomochi/Library/CloudStorage/OneDrive-Personal/Work/PSI/REGINE/Reflectance/Reflectance.m"></file><file xmlns="http://www.w3.org/1999/xhtml" absolutepath="/Users/iacopomochi/Downloads/IacopoMochi-Multilayer-mirror-622d413/TestML.m"></file><file xmlns="http://www.w3.org/1999/xhtml" absolutepath="/Users/iacopomochi/Library/Mobile Documents/com~apple~CloudDocs/Euler/p838.m"></file></bookmarks>