<?xml version="1.0" encoding="utf-8"?>
<productAdditionalComps>
   <dependsOn>
      <component>
         <name>SMILE</name>
         <locale/>
         <platformList>
            <platform>maca64</platform>
         </platformList>
         <version>2.3</version>
      </component>
   </dependsOn>
   <isControllingProduct>true</isControllingProduct>
   <platform>maca64</platform>
   <productName>SMILE</productName>
   <productNumber>5000</productNumber>
   <productBaseCode>SMILE</productBaseCode>
   <productVersion>2.3</productVersion>
   <releaseFamily>R2023b</releaseFamily>
   <releaseDescription>R2023b</releaseDescription>
</productAdditionalComps>