<?xml version="1.0" encoding="UTF-8"?><bookmarks><file xmlns="http://www.w3.org/1999/xhtml" absolutepath="/Users/iacopomochi/Library/Mobile Documents/com~apple~CloudDocs/Work/PSI/Colleagues/Atoosa/DiffractionPadding/padding.m"></file><file xmlns="http://www.w3.org/1999/xhtml" absolutepath="/Users/iacopomochi/Documents/GitHub/SMILE2/measureLines.m"></file><file xmlns="http://www.w3.org/1999/xhtml" absolutepath="/Users/iacopomochi/Documents/GitHub/SMILE2/SMILE.mlapp"></file><file xmlns="http://www.w3.org/1999/xhtml" absolutepath="/Users/iacopomochi/Library/Mobile Documents/com~apple~CloudDocs/Work/PSI/Projects/REGINE/Regine_EllipsoidalMIrrorEquation.m"></file><file xmlns="http://www.w3.org/1999/xhtml" absolutepath="/Users/iacopomochi/Documents/GitHub/SMILE2/SEM_Contact_Detect.m"></file><file xmlns="http://www.w3.org/1999/xhtml" absolutepath="/Users/iacopomochi/Documents/GitHub/SMILE2/SEM_line_Edge_detect.m"></file></bookmarks>