<?xml version="1.0" encoding="utf-8"?>
<ApplicationInstallerManifest>
   <DefaultInstallationDirectory>/Applications/Paul_Scherrer_Institute/SMILE/</DefaultInstallationDirectory>
   <ApplicationName>SMILE</ApplicationName>
   <ExecutableName>application/SMILE.exe</ExecutableName>
   <GUID>0dcfbcfe-ab73-4948-9630-a68f8628d86d</GUID>
   <ApplicationIcon>icon_48.png</ApplicationIcon>
   <Logo>default_logo.png</Logo>
   <Version>2.3</Version>
   <InstallationNotes>In the following directions, replace MR/v911 by the directory on the target machine where MATLAB is installed, or MR by the directory where the MATLAB Runtime is installed.

If the environment variable DYLD_LIBRARY_PATH is undefined, set it to the following string:

MR/v911/runtime/maci64:MR/v911/sys/os/maci64:MR/v911/bin/maci64

If it is defined, set it to the following:

${DYLD_LIBRARY_PATH}:MR/v911/runtime/maci64:MR/v911/sys/os/maci64:MR/v911/bin/maci64
</InstallationNotes>
   <AuthorOrganization>Paul Scherrer Institute</AuthorOrganization>
   <Summary>SMILE - SEM-Measured Image Lines Estimator</Summary>
   <WelcomePanelText>SMILE 2.3
SMILE - SEM-Measured Image Lines Estimator

SMILE is a metrology tool for the analysis of L/S and contact array SEM images.

Iacopo Mochi
iacopo.mochi@psi.ch</WelcomePanelText>
   <MCRProducts>
      <MCRProduct>
         <ExternalProductIdentifier>35000</ExternalProductIdentifier>
      </MCRProduct>
      <MCRProduct>
         <ExternalProductIdentifier>35010</ExternalProductIdentifier>
      </MCRProduct>
      <MCRProduct>
         <ExternalProductIdentifier>35106</ExternalProductIdentifier>
      </MCRProduct>
      <MCRProduct>
         <ExternalProductIdentifier>35108</ExternalProductIdentifier>
      </MCRProduct>
      <MCRProduct>
         <ExternalProductIdentifier>35112</ExternalProductIdentifier>
      </MCRProduct>
      <MCRProduct>
         <ExternalProductIdentifier>35117</ExternalProductIdentifier>
      </MCRProduct>
      <MCRProduct>
         <ExternalProductIdentifier>35119</ExternalProductIdentifier>
      </MCRProduct>
      <MCRProduct>
         <ExternalProductIdentifier>35160</ExternalProductIdentifier>
      </MCRProduct>
      <MCRProduct>
         <ExternalProductIdentifier>35180</ExternalProductIdentifier>
      </MCRProduct>
      <MCRProduct>
         <ExternalProductIdentifier>35380</ExternalProductIdentifier>
      </MCRProduct>
   </MCRProducts>
</ApplicationInstallerManifest>