<?xml version="1.0" encoding="utf-8"?>
<productAdditionalComps>
   <dependsOn>
      <component>
         <name>SMILE</name>
         <locale/>
         <platformList>
            <platform>maci64</platform>
         </platformList>
         <version>2.2.1</version>
      </component>
   </dependsOn>
   <isControllingProduct>true</isControllingProduct>
   <platform>maci64</platform>
   <productName>SMILE</productName>
   <productNumber>5000</productNumber>
   <productBaseCode>SMILE</productBaseCode>
   <productVersion>2.2.1</productVersion>
   <releaseFamily>R2021b</releaseFamily>
   <releaseDescription>R2021b</releaseDescription>
</productAdditionalComps>